City_ID,City,Country,Date,Lat,Lng,Max Temp,Humidity,Cloudiness,Wind Speed
0,Ushuaia,AR,2021-07-24 16:20:40,-54.8,-68.3,38.82,87,40,1.14
1,Sorong,ID,2021-07-24 16:22:02,-0.8833,131.25,77.49,85,100,16.62
2,Tevaitoa,PF,2021-07-24 16:22:03,-16.7833,-151.5,77.74,63,4,12.97
3,Dikson,RU,2021-07-24 16:22:03,73.5069,80.5464,37.87,96,100,30.58
4,Jamestown,US,2021-07-24 16:18:42,42.097,-79.2353,78.12,55,1,5.99
5,Bethel,US,2021-07-24 16:22:04,41.3712,-73.414,82.72,51,1,1.01
6,Victoria,HK,2021-07-24 16:19:08,22.2855,114.1577,87.85,88,88,1.01
7,Hasaki,JP,2021-07-24 16:22:04,35.7333,140.8333,73.8,83,0,5.99
8,Butaritari,KI,2021-07-24 16:22:05,3.0707,172.7902,83.37,72,0,15.3
9,Geraldton,AU,2021-07-24 16:22:05,-28.7667,114.6,54.01,94,90,6.91
10,Yinchuan,CN,2021-07-24 16:20:53,38.4681,106.2731,81.34,50,3,15.46
11,Pisco,PE,2021-07-24 16:22:05,-13.7,-76.2167,66.25,63,75,3.44
12,Ucluelet,CA,2021-07-24 16:22:06,48.9329,-125.5528,69.1,92,21,1.01
13,Longyearbyen,SJ,2021-07-24 16:22:06,78.2186,15.6401,46.24,76,75,8.05
14,Dapaong,TG,2021-07-24 16:22:06,10.8639,0.205,81.79,60,100,3.91
15,Nesbyen,NO,2021-07-24 16:22:07,60.5681,9.1027,86.65,35,77,6.85
16,Cape Town,ZA,2021-07-24 16:20:18,-33.9258,18.4232,60.12,37,0,5.75
17,Mataura,NZ,2021-07-24 16:22:07,-46.1927,168.8643,38.48,92,93,4.03
18,Chifeng,CN,2021-07-24 16:22:08,42.2683,118.9636,74.88,75,100,6.06
19,Worthington,US,2021-07-24 16:22:08,40.0931,-83.018,83.89,65,1,1.01
20,Firminy,FR,2021-07-24 16:22:08,45.3873,4.2907,72.23,73,0,4.61
21,Vanimo,PG,2021-07-24 16:22:09,-2.6741,141.3028,75.25,94,99,3.78
22,Tiksi,RU,2021-07-24 16:22:09,71.6872,128.8694,40.01,91,100,6.55
23,Kastamonu,TR,2021-07-24 16:22:09,41.5,33.6667,67.28,67,24,9.26
24,Soma,TR,2021-07-24 16:22:10,39.1855,27.6094,78.98,46,1,23.13
25,Seoul,KR,2021-07-24 16:18:18,37.5683,126.9778,80.11,89,0,2.3
26,Zhangjiakou,CN,2021-07-24 16:20:44,40.81,114.8794,73.17,83,58,7.14
27,Ponta Do Sol,PT,2021-07-24 16:22:10,32.6667,-17.1,82.71,68,0,4.9
28,Carutapera,BR,2021-07-24 16:22:11,-1.195,-46.02,85.91,60,96,9.75
29,Saint-Philippe,RE,2021-07-24 16:22:11,-21.3585,55.7679,71.15,81,60,6.64
30,Catalao,BR,2021-07-24 16:22:11,-18.1658,-47.9464,76.6,28,0,12.06
31,Kroya,ID,2021-07-24 16:22:12,-7.6331,109.2461,76.48,81,70,7.47
32,Grand-Santi,GF,2021-07-24 16:22:12,4.25,-54.3833,89.85,49,47,5.46
33,Rankovce,MK,2021-07-24 16:22:12,42.1696,22.1162,84.99,30,47,10.56
34,Rikitea,PF,2021-07-24 16:20:10,-23.1203,-134.9692,68.7,55,0,2.98
35,Marrakesh,MA,2021-07-24 16:17:38,31.6315,-8.0083,107.67,21,75,8.05
36,Kieta,PG,2021-07-24 16:18:07,-6.2167,155.6333,79.09,84,86,2.21
37,Chibuto,MZ,2021-07-24 16:22:13,-24.6867,33.5306,57.87,82,29,9.28
38,Kapaa,US,2021-07-24 16:22:14,22.0752,-159.319,79.12,82,90,1.99
39,Barrow,US,2021-07-24 16:22:14,71.2906,-156.7887,39.22,93,90,0.0
40,Puerto Ayora,EC,2021-07-24 16:22:14,-0.7393,-90.3518,78.76,86,34,7.0
41,Hithadhoo,MV,2021-07-24 16:22:15,-0.6,73.0833,82.72,77,66,12.17
42,Bluff,NZ,2021-07-24 16:21:51,-46.6,168.3333,38.8,78,88,11.92
43,Port Elizabeth,ZA,2021-07-24 16:22:15,-33.918,25.5701,59.29,72,0,11.5
44,Faanui,PF,2021-07-24 16:22:16,-16.4833,-151.75,77.95,66,15,13.98
45,Mayo,US,2021-07-24 16:22:16,38.8876,-76.5119,87.37,54,20,1.01
46,Busselton,AU,2021-07-24 16:22:16,-33.65,115.3333,56.08,74,99,15.43
47,Bredasdorp,ZA,2021-07-24 16:22:17,-34.5322,20.0403,54.72,76,52,6.91
48,Veraval,IN,2021-07-24 16:22:17,20.9,70.3667,82.87,83,97,15.43
49,Grindavik,IS,2021-07-24 16:22:17,63.8424,-22.4338,53.55,93,75,14.97
50,Hilo,US,2021-07-24 16:22:18,19.7297,-155.09,74.8,94,90,0.0
51,Lerwick,GB,2021-07-24 16:22:18,60.1545,-1.1494,55.4,80,100,7.85
52,Yellowknife,CA,2021-07-24 16:22:18,62.456,-114.3525,50.56,62,75,4.0
53,Manokwari,ID,2021-07-24 16:22:19,-0.8667,134.0833,78.44,73,100,4.27
54,Avera,US,2021-07-24 16:22:19,33.194,-82.5271,88.38,54,0,5.79
55,Albany,US,2021-07-24 16:21:20,42.6001,-73.9662,80.62,52,2,1.99
56,Bambous Virieux,MU,2021-07-24 16:22:20,-20.3428,57.7575,70.05,78,20,5.75
57,Castro,BR,2021-07-24 16:22:20,-24.7911,-50.0119,70.88,39,0,7.52
58,Broome,US,2021-07-24 16:22:20,42.2506,-75.833,80.53,57,1,1.99
59,Namibe,AO,2021-07-24 16:22:21,-15.1961,12.1522,72.27,61,0,8.7
60,Jishou,CN,2021-07-24 16:22:21,28.3167,109.7167,73.67,92,61,2.59
61,Lavrentiya,RU,2021-07-24 16:22:21,65.5833,-171.0,47.41,89,100,9.55
62,Kushima,JP,2021-07-24 16:22:22,31.4583,131.2333,78.12,93,100,12.59
63,Krasnyy Chikoy,RU,2021-07-24 16:22:22,50.3643,108.7512,57.34,80,37,1.95
64,Portland,US,2021-07-24 16:21:00,45.5234,-122.6762,74.37,70,1,3.0
65,Cayenne,GF,2021-07-24 16:22:22,4.9333,-52.3333,84.09,83,75,5.01
66,San Lazaro,BZ,2021-07-24 16:22:23,18.0387,-88.6622,87.66,68,100,1.92
67,New Norfolk,AU,2021-07-24 16:22:13,-42.7826,147.0587,45.91,82,100,2.98
68,Todos Santos,MX,2021-07-24 16:22:23,23.45,-110.2167,93.11,84,20,5.79
69,Nome,US,2021-07-24 16:18:20,64.5011,-165.4064,46.47,87,90,3.44
70,Norman Wells,CA,2021-07-24 16:22:24,65.282,-126.8329,57.24,62,75,12.66
71,Arraial Do Cabo,BR,2021-07-24 16:22:22,-22.9661,-42.0278,76.96,57,0,20.71
72,Vaini,TO,2021-07-24 16:22:24,-21.2,-175.2,69.96,100,40,2.3
73,Moron,AR,2021-07-24 16:22:25,-34.6534,-58.6198,60.03,82,100,7.0
74,Avarua,CK,2021-07-24 16:22:25,-21.2078,-159.775,69.85,83,40,5.75
75,Kaitangata,NZ,2021-07-24 16:22:25,-46.2817,169.8464,42.93,52,70,4.5
76,Nikolskoye,RU,2021-07-24 16:22:26,59.7035,30.7861,67.89,40,33,5.21
77,Bamnet Narong,TH,2021-07-24 16:22:26,15.4992,101.6897,73.15,94,100,18.48
78,Atuona,PF,2021-07-24 16:22:26,-9.8,-139.0333,77.88,68,99,15.79
79,Makakilo City,US,2021-07-24 16:22:27,21.3469,-158.0858,77.32,78,1,5.75
80,Srednekolymsk,RU,2021-07-24 16:22:27,67.45,153.6833,45.97,77,90,10.27
81,Tuktoyaktuk,CA,2021-07-24 16:22:25,69.4541,-133.0374,55.4,62,40,17.27
82,Nanortalik,GL,2021-07-24 16:22:28,60.1432,-45.2371,43.77,96,100,11.83
83,Port Blair,IN,2021-07-24 16:18:13,11.6667,92.75,82.45,84,100,22.01
84,Aklavik,CA,2021-07-24 16:22:28,68.2191,-135.0107,61.52,100,90,8.05
85,Gladstone,AU,2021-07-24 16:22:28,-23.85,151.25,62.53,36,0,5.75
86,Carnarvon,AU,2021-07-24 16:22:09,-24.8667,113.6333,62.67,67,75,3.44
87,Fulton,US,2021-07-24 16:22:29,33.7668,-84.4499,89.38,69,1,1.01
88,Isangel,VU,2021-07-24 16:22:29,-19.55,169.2667,75.07,86,6,2.86
89,Ballina,AU,2021-07-24 16:22:30,-28.8667,153.5667,56.79,59,1,12.1
90,Lima,PE,2021-07-24 16:18:00,-12.0432,-77.0282,62.85,72,90,8.05
91,Porto Novo,BJ,2021-07-24 16:22:30,6.4965,2.6036,82.22,63,73,12.44
92,Raudeberg,NO,2021-07-24 16:22:30,61.9875,5.1352,65.98,92,98,6.49
93,Taoudenni,ML,2021-07-24 16:20:11,22.6783,-3.9836,113.43,5,5,9.75
94,Punta Arenas,CL,2021-07-24 16:19:31,-53.15,-70.9167,41.02,81,75,17.27
95,Severo-Kurilsk,RU,2021-07-24 16:22:31,50.6789,156.125,53.94,96,85,2.73
96,Chokurdakh,RU,2021-07-24 16:22:16,70.6333,147.9167,33.91,95,18,11.63
97,Lazaro Cardenas,MX,2021-07-24 16:22:31,17.9583,-102.2,83.61,74,81,0.4
98,Codrington,AU,2021-07-24 16:22:32,-38.2667,141.9667,42.21,82,99,20.02
99,Kargasok,RU,2021-07-24 16:22:32,59.0556,80.8572,68.31,66,24,8.14
100,La Palma,US,2021-07-24 16:22:32,33.8464,-118.0467,81.95,77,75,1.99
101,Yulara,AU,2021-07-24 16:20:06,-25.2406,130.9889,44.44,57,76,5.75
102,Horsham,GB,2021-07-24 16:22:33,51.064,-0.3272,75.72,67,40,4.61
103,Pevek,RU,2021-07-24 16:22:33,69.7008,170.3133,37.13,93,92,4.52
104,Guiratinga,BR,2021-07-24 16:22:34,-16.3494,-53.7583,88.14,24,0,9.22
105,Huarmey,PE,2021-07-24 16:22:34,-10.0681,-78.1522,67.55,73,30,7.43
106,Narsaq,GL,2021-07-24 16:22:34,60.9167,-46.05,46.62,94,100,5.91
107,Port-Gentil,GA,2021-07-24 16:22:35,-0.7193,8.7815,78.76,69,90,12.66
108,Lorengau,PG,2021-07-24 16:22:35,-2.0226,147.2712,80.01,83,10,5.88
109,Hermanus,ZA,2021-07-24 16:22:36,-34.4187,19.2345,49.8,58,75,1.21
110,Monrovia,LR,2021-07-24 16:19:54,6.3005,-10.7969,83.97,74,100,11.36
111,Kruisfontein,ZA,2021-07-24 16:22:36,-34.0033,24.7314,54.88,45,1,7.38
112,Kavieng,PG,2021-07-24 16:22:36,-2.5744,150.7967,82.33,77,4,11.05
113,Luwingu,ZM,2021-07-24 16:22:37,-10.2621,29.9271,66.67,48,34,13.35
114,Igunga,TZ,2021-07-24 16:22:37,-4.2833,33.8833,77.32,26,3,7.0
115,Dubovskoye,RU,2021-07-24 16:22:37,47.4092,42.7575,80.38,35,4,6.73
116,Cherskiy,RU,2021-07-24 16:22:18,68.75,161.3,38.89,86,74,3.22
117,Hobart,AU,2021-07-24 16:22:38,-42.8794,147.3294,46.26,84,40,4.0
118,Mehamn,NO,2021-07-24 16:22:38,71.0357,27.8492,44.89,86,100,26.04
119,Micheweni,TZ,2021-07-24 16:22:39,-4.9667,39.8333,75.97,76,16,22.35
120,Takefu,JP,2021-07-24 16:22:39,35.9039,136.1669,80.26,91,32,5.57
121,Nioro,GM,2021-07-24 16:22:39,13.35,-15.75,93.18,36,54,7.58
122,Alofi,NU,2021-07-24 16:22:40,-19.0595,-169.9187,73.29,100,85,4.61
123,Yerbogachen,RU,2021-07-24 16:22:40,61.2767,108.0108,63.27,72,69,4.09
124,Murashi,RU,2021-07-24 16:22:40,59.3999,48.9615,54.36,55,59,5.86
125,Clyde River,CA,2021-07-24 16:22:41,70.4692,-68.5914,35.83,93,90,13.8
126,Aravankadu,IN,2021-07-24 16:22:41,11.3667,76.7667,57.42,85,91,4.9
127,Airai,TL,2021-07-24 16:22:41,-8.9266,125.4092,56.61,42,24,3.04
128,Shahpura,IN,2021-07-24 16:22:42,27.3833,75.9667,87.13,64,94,1.97
129,Thompson,CA,2021-07-24 16:22:42,55.7435,-97.8558,64.56,72,90,12.66
130,Port Lincoln,AU,2021-07-24 16:22:43,-34.7333,135.8667,51.96,64,78,25.84
131,Puerto Escondido,MX,2021-07-24 16:18:35,15.85,-97.0667,88.63,66,1,0.0
132,Catuday,PH,2021-07-24 16:22:43,16.2923,119.8062,80.92,83,100,21.7
133,Otradnoye,RU,2021-07-24 16:22:43,59.7775,30.8181,68.05,40,35,5.28
134,Kodiak,US,2021-07-24 16:22:44,57.79,-152.4072,54.91,88,90,4.61
135,Riyadh,SA,2021-07-24 16:18:42,24.6877,46.7219,105.94,11,3,13.65
136,Mul,IN,2021-07-24 16:22:44,20.0667,79.6667,76.62,89,100,8.81
137,Tessalit,ML,2021-07-24 16:22:45,20.1986,1.0114,103.03,21,15,20.22
138,Malinovoye Ozero,RU,2021-07-24 16:21:19,51.6753,79.7825,76.93,48,43,5.39
139,Asau,RO,2021-07-24 16:22:45,46.4333,26.4,76.28,50,71,2.59
140,Visnes,NO,2021-07-24 16:22:45,59.3556,5.2242,71.11,77,14,8.05
141,Ilulissat,GL,2021-07-24 16:22:46,69.2167,-51.1,44.62,76,75,14.97
142,Mount Gambier,AU,2021-07-24 16:22:46,-37.8333,140.7667,40.91,93,75,17.27
143,Chuy,UY,2021-07-24 16:22:46,-33.6971,-53.4616,66.2,71,54,4.68
144,San Patricio,US,2021-07-24 16:22:47,28.017,-97.5169,90.32,51,0,13.51
145,Krasnomayskiy,RU,2021-07-24 16:22:47,57.6194,34.4099,64.8,49,75,4.68
146,Caranavi,BO,2021-07-24 16:22:47,-15.8167,-67.55,78.76,44,0,3.96
147,East London,ZA,2021-07-24 16:22:48,-33.0153,27.9116,58.14,72,0,11.5
148,Biak,ID,2021-07-24 16:22:48,-0.9131,122.8766,75.0,74,100,6.93
149,Meulaboh,ID,2021-07-24 16:22:48,4.1363,96.1285,78.48,86,98,4.07
150,Poum,NC,2021-07-24 16:22:49,-20.2333,164.0167,71.91,84,6,5.35
151,Canaries,ES,2021-07-24 16:22:49,28.0,-15.5,71.56,61,20,27.63
152,Channel-Port Aux Basques,CA,2021-07-24 16:22:50,47.5702,-59.1367,58.91,84,93,11.03
153,Torbay,CA,2021-07-24 16:22:50,47.6666,-52.7314,67.87,70,75,13.8
154,Pacific Grove,US,2021-07-24 16:22:50,36.6177,-121.9166,63.57,92,90,4.0
155,Shelabolikha,RU,2021-07-24 16:22:51,53.4131,82.6167,72.86,83,99,3.06
156,Tura,IN,2021-07-24 16:22:51,25.5198,90.2201,76.28,94,33,5.93
157,Mar Del Plata,AR,2021-07-24 16:22:51,-38.0023,-57.5575,55.0,65,0,11.99
158,Vardo,NO,2021-07-24 16:22:52,70.3705,31.1107,46.29,80,96,27.92
159,Casablanca,MA,2021-07-24 16:22:52,33.5928,-7.6192,86.22,69,75,20.0
160,Atar,MR,2021-07-24 16:18:12,20.5169,-13.0499,105.66,15,73,6.58
161,Rawson,AR,2021-07-24 16:20:48,-43.3002,-65.1023,50.47,34,100,19.33
162,Severo-Yeniseyskiy,RU,2021-07-24 16:22:52,60.3725,93.0408,63.3,62,93,3.11
163,Khatanga,RU,2021-07-24 16:22:53,71.9667,102.5,60.67,88,93,9.04
164,Opuwo,NA,2021-07-24 16:22:53,-18.0607,13.84,74.61,9,0,10.67
165,Jackson,US,2021-07-24 16:22:53,42.4165,-122.8345,74.44,47,1,0.0
166,Tasiilaq,GL,2021-07-24 16:22:54,65.6145,-37.6368,42.96,97,100,2.77
167,Lamu,KE,2021-07-24 16:22:54,-2.2717,40.902,79.02,79,9,21.54
168,Soverato,IT,2021-07-24 16:22:54,38.685,16.5499,89.51,45,0,6.08
169,Gornopravdinsk,RU,2021-07-24 16:22:07,60.05,69.9,55.58,96,100,1.72
170,Saint-Pierre,RE,2021-07-24 16:22:55,-21.3393,55.4781,71.24,71,0,4.61
171,Qaanaaq,GL,2021-07-24 16:22:55,77.484,-69.3632,40.39,67,75,2.55
172,Saint-Georges,GD,2021-07-24 16:22:55,12.0564,-61.7485,85.68,79,75,17.27
173,Kihei,US,2021-07-24 16:22:56,20.785,-156.4656,77.85,91,40,13.8
174,Bilma,NE,2021-07-24 16:21:46,18.6853,12.9164,103.77,22,38,12.33
175,Eureka,US,2021-07-24 16:18:17,40.8021,-124.1637,56.93,88,1,1.99
176,Cocula,MX,2021-07-24 16:22:56,20.3652,-103.8222,77.13,65,58,2.17
177,Saint George,US,2021-07-24 16:20:03,37.1041,-113.5841,88.39,46,92,1.99
178,Whyalla,AU,2021-07-24 16:22:57,-33.0333,137.5833,46.29,87,40,9.22
179,Faya,SA,2021-07-24 16:22:57,18.3851,42.4509,71.71,54,90,1.25
180,Los Llanos De Aridane,ES,2021-07-24 16:22:57,28.6585,-17.9182,73.15,83,20,16.11
181,Qeshm,IR,2021-07-24 16:22:58,26.9581,56.2719,98.49,52,76,16.35
182,Dabra,IN,2021-07-24 16:22:58,25.9,78.3333,90.46,61,72,8.21
183,Georgetown,MY,2021-07-24 16:22:59,5.4112,100.3354,85.89,79,20,0.0
184,Klaksvik,FO,2021-07-24 16:22:59,62.2266,-6.589,54.52,94,81,21.88
185,Arman,RU,2021-07-24 16:22:59,59.7,150.1667,51.8,96,100,4.38
186,Mujiayingzi,CN,2021-07-24 16:23:00,42.1167,118.7833,73.56,78,100,7.96
187,Saskylakh,RU,2021-07-24 16:23:00,71.9167,114.0833,56.12,65,93,5.37
188,Martapura,ID,2021-07-24 16:23:00,-3.4167,114.85,75.29,88,6,2.3
189,Zhigansk,RU,2021-07-24 16:23:01,66.7697,123.3711,57.38,73,3,16.89
190,Vostok,RU,2021-07-24 16:23:02,46.4856,135.8833,72.05,78,77,4.21
191,Barinitas,VE,2021-07-24 16:23:02,8.7622,-70.4111,80.08,70,100,5.48
192,Port Alfred,ZA,2021-07-24 16:23:02,-33.5906,26.891,58.57,70,0,21.36
193,Bubaque,GW,2021-07-24 16:23:03,11.2833,-15.8333,79.43,74,96,6.58
194,Mpika,ZM,2021-07-24 16:23:03,-11.8343,31.4529,52.59,91,85,6.67
195,Kidal,ML,2021-07-24 16:23:03,18.4411,1.4078,93.24,40,80,18.19
196,Berlevag,NO,2021-07-24 16:23:04,70.8578,29.0864,45.21,86,100,27.94
197,Aras,ES,2021-07-24 16:23:04,42.5617,-2.356,81.72,28,77,17.83
198,Wanxian,CN,2021-07-24 16:23:04,30.8039,108.3897,78.89,86,43,2.91
199,Punta Alta,AR,2021-07-24 16:23:05,-38.8759,-62.0736,51.85,48,98,12.39
200,Paamiut,GL,2021-07-24 16:23:05,61.994,-49.6678,41.94,98,100,4.99
201,Bintulu,MY,2021-07-24 16:23:05,3.1667,113.0333,79.21,94,40,0.0
202,Kununurra,AU,2021-07-24 16:23:06,-15.7667,128.7333,64.38,68,100,2.3
203,Lompoc,US,2021-07-24 16:23:06,34.6391,-120.4579,69.1,90,90,0.0
204,Nabire,ID,2021-07-24 16:23:07,-3.3667,135.4833,73.36,94,100,1.86
205,Sinnamary,GF,2021-07-24 16:23:07,5.3833,-52.95,85.06,67,76,12.75
206,Darnah,LY,2021-07-24 16:23:07,32.767,22.6367,81.03,59,0,18.37
207,Krasnokamensk,RU,2021-07-24 16:23:08,50.0979,118.0369,57.65,93,33,5.37
208,Guerrero Negro,MX,2021-07-24 16:23:08,27.9769,-114.0611,73.47,68,100,7.23
209,Lebu,CL,2021-07-24 16:21:42,-37.6167,-73.65,51.82,74,21,9.22
210,Souillac,MU,2021-07-24 16:22:10,-20.5167,57.5167,70.18,78,20,5.75
211,Ambon,ID,2021-07-24 16:23:09,-3.6954,128.1814,78.15,85,100,8.25
212,Kapiri Mposhi,ZM,2021-07-24 16:19:09,-13.9652,28.6809,62.06,52,93,9.89
213,Labrea,BR,2021-07-24 16:23:09,-7.2586,-64.7981,95.63,34,29,3.22
214,Koygorodok,RU,2021-07-24 16:20:18,60.445,50.9968,55.62,47,67,8.77
215,Toppenish,US,2021-07-24 16:23:10,46.3774,-120.3087,81.57,47,0,3.0
216,Grand Gaube,MU,2021-07-24 16:23:10,-20.0064,57.6608,70.2,70,54,1.99
217,Roche-La-Moliere,FR,2021-07-24 16:23:10,45.4341,4.3228,71.83,73,0,4.61
218,Ahipara,NZ,2021-07-24 16:21:53,-35.1667,173.1667,52.5,86,38,9.37
219,Phan Thiet,VN,2021-07-24 16:23:11,10.9333,108.1,78.01,83,82,9.35
220,Rawlins,US,2021-07-24 16:23:11,41.7911,-107.2387,75.42,32,1,8.05
221,Qiongshan,CN,2021-07-24 16:23:11,20.0058,110.3542,78.78,94,0,4.47
222,Gunnedah,AU,2021-07-24 16:23:12,-30.9833,150.25,47.82,86,59,3.0
223,Hlotse,LS,2021-07-24 16:23:12,-28.8718,28.045,40.08,28,0,3.6
224,Dunmore Town,BS,2021-07-24 16:23:13,25.5,-76.65,82.56,70,77,10.63
225,Hunterville,NZ,2021-07-24 16:23:13,-39.9333,175.5667,44.24,89,5,5.28
226,Hambantota,LK,2021-07-24 16:21:48,6.1241,81.1185,80.37,80,86,15.12
227,Mporokoso,ZM,2021-07-24 16:23:13,-9.3727,30.125,68.83,41,19,13.78
228,Sukhoy Log,RU,2021-07-24 16:23:14,56.9094,62.0296,64.85,67,79,3.44
229,Ourossogui,SN,2021-07-24 16:23:14,15.6064,-13.3211,102.2,35,0,4.61
230,Naze,JP,2021-07-24 16:20:58,28.3667,129.4833,77.67,92,100,22.41
231,Melbu,NO,2021-07-24 16:23:15,68.5044,14.8297,55.31,98,100,5.17
232,Kaeo,NZ,2021-07-24 16:23:15,-35.1,173.7833,54.32,90,42,9.84
233,Cabo San Lucas,MX,2021-07-24 16:21:47,22.8909,-109.9124,93.61,66,20,5.99
234,Kuito,AO,2021-07-24 16:23:16,-12.3833,16.9333,73.38,17,1,6.4
235,Coihaique,CL,2021-07-24 16:23:16,-45.5752,-72.0662,36.21,93,75,3.44
236,Burnie,AU,2021-07-24 16:23:11,-41.0667,145.9167,43.92,85,98,18.41
237,Pullman,US,2021-07-24 16:23:16,46.7313,-117.1796,78.64,29,1,3.0
238,Adrar,MR,2021-07-24 16:23:17,20.5022,-10.0711,107.47,14,16,3.85
239,Maun,BW,2021-07-24 16:23:17,-19.9833,23.4167,66.45,33,0,9.08
240,Hirara,JP,2021-07-24 16:23:17,24.8,125.2833,82.8,84,100,23.33
241,Russell,US,2021-07-24 16:22:43,32.3502,-85.1999,88.99,66,1,0.0
242,Vila Franca Do Campo,PT,2021-07-24 16:22:53,37.7167,-25.4333,73.81,68,24,7.83
243,Ongole,IN,2021-07-24 16:23:18,15.5,80.05,87.69,61,22,11.07
244,Ancud,CL,2021-07-24 16:21:59,-41.8697,-73.8203,46.22,72,100,6.31
245,Kahului,US,2021-07-24 16:23:19,20.8947,-156.47,77.85,91,40,13.8
246,Altay,CN,2021-07-24 16:23:19,47.8667,88.1167,69.51,45,0,8.05
247,Provideniya,RU,2021-07-24 16:23:19,64.3833,-173.3,46.94,98,100,11.12
248,Constitucion,CL,2021-07-24 16:23:20,-35.3333,-72.4167,53.17,83,99,12.37
249,Katsuura,JP,2021-07-24 16:23:20,35.1333,140.3,81.1,84,0,5.66
250,Stornoway,GB,2021-07-24 16:23:20,58.2093,-6.3865,68.94,82,52,9.22
251,Dvinskoy,RU,2021-07-24 16:23:21,62.1535,45.1175,54.48,65,98,7.23
252,San Quintin,MX,2021-07-24 16:23:21,30.4833,-115.95,70.79,80,100,6.89
253,Fortuna,US,2021-07-24 16:23:21,40.5982,-124.1573,56.98,92,20,0.0
254,Upernavik,GL,2021-07-24 16:23:22,72.7868,-56.1549,39.04,91,99,7.29
255,Tuatapere,NZ,2021-07-24 16:22:08,-46.1333,167.6833,38.82,84,100,7.72
256,Bengkulu,ID,2021-07-24 16:23:22,-3.8004,102.2655,77.45,84,9,6.55
257,San Jose,US,2021-07-24 16:20:15,37.3394,-121.895,75.54,64,20,0.0
258,Husavik,IS,2021-07-24 16:23:04,66.0449,-17.3389,58.91,72,97,17.16
259,Ribeira Grande,PT,2021-07-24 16:23:23,38.5167,-28.7,75.6,83,75,10.36
260,Kholodnyy,RU,2021-07-24 16:23:23,62.7167,147.95,59.41,80,100,5.32
261,Dzhankoy,UA,2021-07-24 16:23:24,45.7167,34.4,79.5,38,0,7.16
262,Gotsu,JP,2021-07-24 16:23:24,35.0,132.2167,76.23,76,96,5.32
263,Mercedes,AR,2021-07-24 16:23:24,-34.6515,-59.4307,62.04,65,100,15.23
264,Mildura,AU,2021-07-24 16:23:24,-34.2,142.15,44.56,87,75,9.22
265,Toba,JP,2021-07-24 16:23:25,34.4833,136.85,77.0,81,33,2.04
266,Bargarh,IN,2021-07-24 16:23:25,21.3333,83.6167,78.84,88,49,7.4
267,Nuuk,GL,2021-07-24 16:23:25,64.1835,-51.7216,41.61,81,75,9.22
268,Golden,US,2021-07-24 16:23:26,39.7555,-105.2211,81.88,50,75,1.99
269,Sibiti,CG,2021-07-24 16:23:26,-3.6819,13.3499,86.59,32,49,5.44
270,Luderitz,NA,2021-07-24 16:22:39,-26.6481,15.1594,66.99,31,4,4.61
271,Dordrecht,NL,2021-07-24 16:19:09,51.81,4.6736,72.01,92,100,1.01
272,Lagoa,PT,2021-07-24 16:22:47,39.05,-27.9833,71.08,95,11,14.99
273,Chumikan,RU,2021-07-24 16:23:27,54.7183,135.315,54.77,100,100,4.34
274,Talcahuano,CL,2021-07-24 16:23:27,-36.7167,-73.1167,53.28,87,75,13.8
275,Awjilah,LY,2021-07-24 16:23:28,29.1081,21.2869,94.42,17,0,14.36
276,Bardsir,IR,2021-07-24 16:23:28,29.9227,56.5743,86.05,13,32,18.23
277,Kadyy,RU,2021-07-24 16:23:29,57.787,43.1903,61.12,50,83,4.41
278,Kawalu,ID,2021-07-24 16:23:29,-7.3817,108.2082,72.19,91,74,1.41
279,Inhambane,MZ,2021-07-24 16:23:29,-23.865,35.3833,60.78,88,75,11.5
280,Mount Isa,AU,2021-07-24 16:23:30,-20.7333,139.5,51.57,50,62,5.75
281,Sistranda,NO,2021-07-24 16:23:30,63.7256,8.834,67.96,81,93,9.04
282,Partenit,UA,2021-07-24 16:23:30,44.578,34.3446,79.21,54,1,2.17
283,Tazovskiy,RU,2021-07-24 16:23:31,67.4667,78.7,53.04,75,100,5.37
284,Ostrovnoy,RU,2021-07-24 16:21:08,68.0531,39.5131,48.96,83,100,20.69
285,Praia Da Vitoria,PT,2021-07-24 16:22:20,38.7333,-27.0667,80.85,69,20,15.21
286,Dezhou,CN,2021-07-24 16:23:31,37.4486,116.2925,81.18,71,53,0.54
287,Balikpapan,ID,2021-07-24 16:23:32,-1.2675,116.8289,78.1,81,66,9.13
288,Moa,CU,2021-07-24 16:23:32,20.6569,-74.9403,87.35,65,59,9.84
289,Sitka,US,2021-07-24 16:21:28,57.0531,-135.33,57.09,88,90,0.0
290,Sabang,ID,2021-07-24 16:23:32,5.8933,95.3214,83.93,76,99,16.28
291,Karasjok,NO,2021-07-24 16:23:33,69.4719,25.5112,51.91,81,100,14.83
292,Nyurba,RU,2021-07-24 16:23:33,63.2842,118.3319,58.91,77,14,5.55
293,Larsnes,NO,2021-07-24 16:23:34,62.2028,5.5773,76.86,86,67,5.99
294,Waipawa,NZ,2021-07-24 16:23:34,-41.4122,175.5153,43.93,90,0,6.17
295,Vao,NC,2021-07-24 16:23:34,-22.6667,167.4833,70.74,85,27,7.27
296,Cockburn Town,TC,2021-07-24 16:23:35,21.4612,-71.1419,84.16,70,40,16.11
297,Dudinka,RU,2021-07-24 16:23:35,69.4058,86.1778,53.35,68,85,8.79
298,Airdrie,GB,2021-07-24 16:23:35,55.866,-3.9803,77.9,51,81,7.27
299,Rabat,MA,2021-07-24 16:23:36,33.9911,-6.8401,81.81,73,40,10.36
300,Esperance,AU,2021-07-24 16:23:25,-33.8667,121.9,53.15,77,14,18.1
301,Houma,US,2021-07-24 16:23:36,29.5958,-90.7195,91.99,73,40,10.36
302,Sarkand,KZ,2021-07-24 16:23:37,45.41,79.9186,75.02,33,0,5.93
303,Pangnirtung,CA,2021-07-24 16:23:37,66.1451,-65.7125,50.0,66,90,4.61
304,Haradok,BY,2021-07-24 16:23:37,55.4624,29.9816,73.51,41,35,5.5
305,Kattivakkam,IN,2021-07-24 16:23:38,13.2167,80.3167,87.89,68,96,13.47
306,Saldanha,ZA,2021-07-24 16:23:38,-33.0117,17.9442,62.65,59,9,7.74
307,Teya,RU,2021-07-24 16:23:38,60.3778,92.6267,65.93,62,87,2.55
308,Dublin,US,2021-07-24 16:22:57,37.7021,-121.9358,75.24,65,1,4.0
309,Moerai,PF,2021-07-24 16:23:39,-22.4333,-151.3333,70.65,62,18,6.46
310,Nhulunbuy,AU,2021-07-24 16:23:39,-12.2333,136.7667,68.61,94,3,0.0
311,Prieska,ZA,2021-07-24 16:23:40,-29.6641,22.7474,50.83,18,0,6.67
312,Darhan,MN,2021-07-24 16:23:40,49.4867,105.9228,62.85,69,100,1.61
313,Champerico,GT,2021-07-24 16:23:40,14.3,-91.9167,94.77,78,100,5.79
314,Kainantu,PG,2021-07-24 16:23:41,-6.2887,145.8655,58.48,97,98,1.05
315,Santa Ines,BR,2021-07-24 16:23:41,-3.6667,-45.38,90.34,33,68,6.2
316,Saraza,PH,2021-07-24 16:23:41,8.7356,117.78,80.71,80,99,7.34
317,Mezen,RU,2021-07-24 16:23:42,65.8522,44.24,45.57,93,100,10.47
318,Muskogee,US,2021-07-24 16:23:42,35.5834,-95.3336,90.45,68,1,8.05
319,Chulman,RU,2021-07-24 16:23:42,56.8479,124.9104,56.3,98,100,3.15
320,Santa Marta,CO,2021-07-24 16:23:43,11.2408,-74.199,91.45,66,40,9.22
321,Elko,US,2021-07-24 16:22:25,41.0002,-115.5012,78.75,21,0,4.0
322,Palm Coast,US,2021-07-24 16:23:43,29.585,-81.2078,89.1,70,35,11.01
323,Jinji,CN,2021-07-24 16:23:43,23.2281,110.8261,79.99,86,49,1.19
324,Ginda,IN,2021-07-24 16:23:44,30.6945,78.4932,69.73,94,86,0.96
325,Atocha,BO,2021-07-24 16:23:44,-20.9333,-66.2333,51.4,27,10,21.79
326,Aguas Belas,BR,2021-07-24 16:23:45,-9.1114,-37.1231,77.81,61,80,15.32
327,Mahebourg,MU,2021-07-24 16:22:01,-20.4081,57.7,70.09,78,20,5.75
328,Harjavalta,FI,2021-07-24 16:23:45,61.3167,22.1333,74.57,43,28,7.78
329,Camacha,PT,2021-07-24 16:23:45,33.0833,-16.3333,75.96,68,20,17.27
330,Washougal,US,2021-07-24 16:23:46,45.5826,-122.3534,78.12,70,1,0.0
331,Richards Bay,ZA,2021-07-24 16:23:46,-28.783,32.0377,57.43,73,18,6.98
332,Cabedelo,BR,2021-07-24 16:23:46,-6.9811,-34.8339,83.07,61,0,17.81
333,Warrington,GB,2021-07-24 16:23:47,53.3925,-2.5802,76.26,56,40,1.99
334,Sunrise Manor,US,2021-07-24 16:23:47,36.2111,-115.0731,92.35,46,1,0.0
335,Iqaluit,CA,2021-07-24 16:19:06,63.7506,-68.5145,47.93,70,90,15.99
336,Ginir,ET,2021-07-24 16:23:48,7.1333,40.7,57.31,74,99,15.41
337,Flinders,AU,2021-07-24 16:23:48,-34.5833,150.8552,55.38,61,66,7.0
338,Pimentel,PE,2021-07-24 16:23:48,-6.8367,-79.9342,70.0,77,90,3.0
339,Siuna,NI,2021-07-24 16:23:49,13.7332,-84.7773,85.23,59,86,6.02
340,Haines Junction,CA,2021-07-24 16:23:49,60.7522,-137.5108,57.15,62,100,2.3
341,Filingue,NE,2021-07-24 16:23:49,14.3521,3.3168,90.77,46,91,12.84
342,Muisne,EC,2021-07-24 16:23:49,0.6,-80.0333,77.49,75,100,11.3
343,Svetlogorsk,BY,2021-07-24 16:23:50,52.6333,29.7333,72.16,67,80,3.62
344,Susangerd,IR,2021-07-24 16:23:50,31.5608,48.1831,113.02,8,0,16.62
345,Felanitx,ES,2021-07-24 16:23:51,39.4696,3.1483,97.14,40,34,0.63
346,Keetmanshoop,NA,2021-07-24 16:23:51,-26.5833,18.1333,63.52,9,0,10.36
347,Phuket,TH,2021-07-24 16:23:51,8.0,98.25,88.09,79,20,12.66
348,Hare Bay,CA,2021-07-24 16:23:52,48.8499,-54.0148,64.0,63,98,8.21
349,Padang,ID,2021-07-24 16:23:05,-0.9492,100.3543,78.51,86,78,3.4
350,Fort Nelson,CA,2021-07-24 16:23:52,58.8053,-122.7002,65.79,52,75,8.05
351,Lakselv,NO,2021-07-24 16:23:52,70.0513,24.9718,53.42,71,75,17.27
352,Balagansk,RU,2021-07-24 16:23:53,54.0103,103.0544,62.15,65,0,3.02
353,Shagonar,RU,2021-07-24 16:23:53,51.5333,92.8,63.93,90,90,1.07
354,Lieksa,FI,2021-07-24 16:23:53,63.3167,30.0167,62.33,56,100,1.9
355,Batemans Bay,AU,2021-07-24 16:23:54,-35.7167,150.1833,48.99,69,75,4.79
356,Gizo,SB,2021-07-24 16:23:54,-8.103,156.8419,81.54,78,81,3.98
357,Anadyr,RU,2021-07-24 16:23:25,64.75,177.4833,55.9,100,90,8.01
358,Kysyl-Syr,RU,2021-07-24 16:23:55,63.8986,122.7617,63.37,59,40,7.83
359,Kasane,BW,2021-07-24 16:23:55,-17.8167,25.15,70.18,34,4,10.25
360,Arlit,NE,2021-07-24 16:23:55,18.7369,7.3853,102.11,22,10,5.28
361,Great Yarmouth,GB,2021-07-24 16:23:56,52.6083,1.7305,70.56,84,100,11.77
362,Mitchell,US,2021-07-24 16:23:56,43.7094,-98.0298,82.38,69,1,5.75
363,Daloa,CI,2021-07-24 16:23:56,6.8774,-6.4502,83.16,56,90,2.84
364,General Roca,AR,2021-07-24 16:23:56,-39.0333,-67.5833,48.6,32,99,9.66
365,Port-Cartier,CA,2021-07-24 16:23:57,50.0334,-66.8654,66.74,63,48,6.31
366,Te Anau,NZ,2021-07-24 16:23:39,-45.4167,167.7167,37.89,89,100,2.73
367,Buala,SB,2021-07-24 16:23:46,-8.145,159.5921,79.86,81,47,5.46
368,Saint-Louis,SN,2021-07-24 16:23:57,16.3333,-15.0,100.04,27,12,7.23
369,Saint-Joseph,RE,2021-07-24 16:23:58,-21.3667,55.6167,70.16,80,49,8.21
370,Cidreira,BR,2021-07-24 16:22:40,-30.1811,-50.2056,70.93,49,0,4.56
371,Tarakan,ID,2021-07-24 16:23:58,3.3,117.6333,78.3,83,75,16.11
372,Bellefontaine,US,2021-07-24 16:23:59,40.3612,-83.7597,82.56,69,1,9.22
373,Sao Lourenco Do Sul,BR,2021-07-24 16:23:59,-31.3653,-51.9783,73.42,53,0,5.88
374,Port Hardy,CA,2021-07-24 16:23:59,50.6996,-127.4199,59.18,100,90,3.44
375,Comarapa,BO,2021-07-24 16:24:00,-17.9,-64.4833,68.67,45,1,7.67
376,Penzance,GB,2021-07-24 16:24:00,50.1186,-5.5371,70.48,82,40,14.97
377,Shahr-E Babak,IR,2021-07-24 16:24:00,30.1165,55.1186,83.17,23,3,15.84
378,Karratha,AU,2021-07-24 16:23:09,-20.7377,116.8463,71.4,57,12,5.55
379,Goya,AR,2021-07-24 16:24:01,-29.14,-59.2626,85.37,31,28,12.06
380,Danielskuil,ZA,2021-07-24 16:24:01,-28.1887,23.5395,47.82,34,0,9.01
381,Glomfjord,NO,2021-07-24 16:24:02,66.8167,13.9667,53.2,96,100,6.62
382,Kloulklubed,PW,2021-07-24 16:24:02,7.0419,134.2556,82.9,79,100,12.88
383,Gimli,CA,2021-07-24 16:24:02,50.6336,-96.9907,79.43,43,0,13.8
384,Korla,CN,2021-07-24 16:24:03,41.7597,86.1469,93.31,18,0,6.15
385,Betanzos,ES,2021-07-24 16:24:03,43.2804,-8.2147,73.81,74,75,4.0
386,Kalmunai,LK,2021-07-24 16:24:03,7.4167,81.8167,83.66,67,99,11.99
387,Plymouth,US,2021-07-24 16:20:58,41.8334,-70.8328,83.32,57,1,9.22
388,Poya,NC,2021-07-24 16:24:04,-21.35,165.15,66.87,90,0,1.05
389,Pampierstad,ZA,2021-07-24 16:24:04,-27.7832,24.6877,50.29,33,0,6.69
390,Zyryanka,RU,2021-07-24 16:24:04,65.75,150.85,61.75,55,100,4.12
391,Nordfjordeid,NO,2021-07-24 16:24:05,61.9063,5.9915,77.13,61,23,5.17
392,Mahon,ES,2021-07-24 16:23:34,39.8885,4.2658,86.56,66,0,3.44
393,Kismayo,SO,2021-07-24 16:24:05,-0.3582,42.5454,76.32,76,75,20.45
394,Mnogovershinnyy,RU,2021-07-24 16:24:06,53.9353,139.9242,68.77,75,76,3.24
395,Nelson Bay,AU,2021-07-24 16:24:06,-32.7167,152.15,59.09,56,18,4.0
396,Kovdor,RU,2021-07-24 16:24:07,67.5662,30.4758,52.65,74,100,11.12
397,Ashcroft,CA,2021-07-24 16:24:07,50.7165,-121.2859,71.94,52,85,2.51
398,Kavaratti,IN,2021-07-24 16:24:07,10.5669,72.642,81.97,83,15,19.26
399,Westport,US,2021-07-24 16:23:29,41.1415,-73.3579,84.54,58,1,1.99
400,Salalah,OM,2021-07-24 16:23:37,17.0151,54.0924,78.89,94,90,6.91
401,Turkan,AZ,2021-07-24 16:24:08,40.3639,50.215,78.98,78,40,23.02
402,Komsomolskiy,UZ,2021-07-24 16:24:08,40.4272,71.7189,88.52,33,0,4.61
403,Solnechnyy,RU,2021-07-24 16:24:09,50.7214,136.6319,74.64,56,18,4.45
404,Pangai,TO,2021-07-24 16:24:09,-19.8,-174.35,78.08,81,0,7.16
405,Tual,ID,2021-07-24 16:24:09,-5.6667,132.75,79.72,79,99,12.46
406,La Ronge,CA,2021-07-24 16:24:10,55.1001,-105.2842,66.45,63,40,9.22
407,Zhezkazgan,KZ,2021-07-24 16:24:10,47.8043,67.7144,90.81,17,16,6.38
408,San Francisco,US,2021-07-24 16:21:23,37.7749,-122.4194,74.12,90,40,1.99
409,Chiquimulilla,GT,2021-07-24 16:24:10,14.0858,-90.3767,90.79,49,98,2.42
410,Port Shepstone,ZA,2021-07-24 16:24:11,-30.7414,30.455,56.8,71,30,1.41
411,Poole,GB,2021-07-24 16:24:11,50.7167,-2.0,74.43,68,40,3.0
412,Powell River,CA,2021-07-24 16:24:11,49.8496,-124.5361,71.01,77,40,4.61
413,Clearwater,US,2021-07-24 16:24:12,27.9659,-82.8001,91.9,68,75,3.0
414,Wajid,SO,2021-07-24 16:24:12,3.8093,43.2471,79.79,41,100,24.87
415,Santa Cruz Del Sur,CU,2021-07-24 16:24:12,20.7147,-77.9956,85.17,70,83,6.46
416,Saint Anthony,US,2021-07-24 16:24:13,45.0205,-93.218,85.24,60,20,3.0
417,Erzin,TR,2021-07-24 16:24:13,36.9559,36.2,88.32,72,0,9.48
418,Acarau,BR,2021-07-24 16:20:38,-2.8856,-40.12,88.63,46,38,15.57
419,Inirida,CO,2021-07-24 16:24:13,3.8653,-67.9239,76.96,93,100,3.69
420,Chapais,CA,2021-07-24 16:24:14,49.7834,-74.8492,76.78,31,92,13.78
421,Luba,GQ,2021-07-24 16:24:14,3.4568,8.5547,80.49,82,100,10.6
422,Fukue,JP,2021-07-24 16:24:14,32.6881,128.8419,80.19,80,100,21.59
423,Tabas,IR,2021-07-24 16:24:15,33.5959,56.9244,102.54,9,0,15.37
424,Islahiye,TR,2021-07-24 16:24:15,37.025,36.6306,87.58,38,0,8.52
425,Taltal,CL,2021-07-24 16:24:15,-25.4,-70.4833,60.48,67,38,5.59
426,Nouadhibou,MR,2021-07-24 16:24:16,20.931,-17.0347,75.18,78,2,19.57
427,Nikolsk,RU,2021-07-24 16:24:16,53.7189,46.0712,63.09,65,36,7.81
428,Umm Lajj,SA,2021-07-24 16:24:16,25.0213,37.2685,90.75,37,0,9.66
429,Atasu,KZ,2021-07-24 16:23:51,48.6814,71.6433,85.53,22,45,1.92
430,Araouane,ML,2021-07-24 16:24:17,18.9048,-3.5265,107.06,17,8,9.24
431,Virginia Beach,US,2021-07-24 16:19:45,36.8529,-75.978,85.05,48,75,8.05
432,Ouadda,CF,2021-07-24 16:24:17,8.0777,22.4007,74.39,91,71,4.23
433,Ko Samui,TH,2021-07-24 16:19:47,9.5357,99.9357,83.97,74,100,15.21
434,Suarez,CO,2021-07-24 16:24:18,2.954,-76.6964,77.7,59,99,1.1
435,Agirish,RU,2021-07-24 16:24:18,61.9247,63.0231,59.45,77,88,12.35
436,Gorontalo,ID,2021-07-24 16:24:18,0.5412,123.0595,74.86,86,99,2.77
437,Kant,IN,2021-07-24 16:24:19,27.8,79.8,87.84,70,42,8.37
438,Tigil,RU,2021-07-24 16:24:19,57.8,158.6667,56.55,96,100,6.02
439,Caborca,MX,2021-07-24 16:24:19,30.5838,-111.101,82.56,45,100,8.61
440,Abay,KZ,2021-07-24 16:24:20,49.6311,72.8539,70.18,26,47,9.86
441,Paita,PE,2021-07-24 16:24:20,-5.0892,-81.1144,75.76,70,11,8.39
442,Vogar,IS,2021-07-24 16:24:20,63.9832,-22.3874,55.18,93,75,14.97
443,Wonthaggi,AU,2021-07-24 16:24:21,-38.6044,145.5913,47.19,79,100,24.34
444,Yen Bai,VN,2021-07-24 16:24:21,21.7,104.8667,81.75,81,43,2.93
445,Pangody,RU,2021-07-24 16:24:21,65.85,74.4859,57.29,87,100,3.76
446,Tilichiki,RU,2021-07-24 16:24:22,60.4667,166.1,48.81,97,100,2.08
447,Kabanjahe,ID,2021-07-24 16:24:22,3.1001,98.4908,68.76,97,46,3.11
448,Rio Grande,BR,2021-07-24 16:24:22,-32.035,-52.0986,80.71,61,0,5.23
449,Uberaba,BR,2021-07-24 16:24:23,-19.7483,-47.9319,75.78,25,0,10.36
450,Puerto Montt,CL,2021-07-24 16:24:23,-41.4698,-72.9447,40.03,93,75,3.44
451,Ca Mau,VN,2021-07-24 16:20:09,9.1769,105.15,78.62,85,97,8.25
452,Bangkalan,ID,2021-07-24 16:24:24,-7.0455,112.7351,75.15,72,0,5.93
453,Rurrenabaque,BO,2021-07-24 16:24:24,-14.4413,-67.5278,87.49,62,0,0.0
454,Christchurch,NZ,2021-07-24 16:24:24,-43.5333,172.6333,46.9,88,5,1.99
455,Tara,RU,2021-07-24 16:24:24,56.8944,74.371,73.24,75,58,4.03
456,Port Augusta,AU,2021-07-24 16:24:25,-32.5,137.7667,49.71,79,35,7.45
457,Edd,ER,2021-07-24 16:24:25,13.9297,41.6925,90.07,64,99,6.82
458,Egvekinot,RU,2021-07-24 16:24:26,66.3167,-179.1667,44.22,98,100,2.21
459,Santo Andre,BR,2021-07-24 16:24:26,-23.6639,-46.5383,79.84,36,0,4.61
460,Sumbe,AO,2021-07-24 16:24:26,-11.2061,13.8437,73.09,77,11,7.38
461,Svetlaya,RU,2021-07-24 16:24:26,46.5389,138.3297,70.36,94,90,4.16
462,Chernaya Kholunitsa,RU,2021-07-24 16:24:27,58.8511,51.7154,56.37,52,29,5.88
463,Payo,ID,2021-07-24 16:24:27,-3.7508,103.6372,73.56,91,27,2.57
464,Agadez,NE,2021-07-24 16:24:27,19.75,10.25,105.44,11,24,11.86
465,Aswan,EG,2021-07-24 16:24:28,24.0934,32.907,103.3,15,0,12.66
466,Charters Towers,AU,2021-07-24 16:24:28,-20.1,146.2667,60.35,46,70,8.7
467,Belmonte,BR,2021-07-24 16:24:28,-15.8631,-38.8828,80.6,57,97,12.68
468,Murgab,TM,2021-07-24 16:24:29,37.4966,61.9714,96.67,30,0,4.61
469,Springbok,ZA,2021-07-24 16:24:29,-29.6643,17.8865,55.62,14,3,16.33
470,Sri Aman,MY,2021-07-24 16:24:29,1.2376,111.4621,78.85,89,69,2.3
471,Takoradi,GH,2021-07-24 16:24:30,4.8845,-1.7554,77.94,70,80,9.22
472,Aktash,RU,2021-07-24 16:24:30,50.3,87.7333,50.5,86,94,1.07
473,Bahia Blanca,AR,2021-07-24 16:22:05,-38.7196,-62.2724,53.4,38,99,10.8
474,Petropavlovsk-Kamchatskiy,RU,2021-07-24 16:24:31,53.0452,158.6483,54.19,100,20,4.47
475,Ahuimanu,US,2021-07-24 16:24:31,21.4447,-157.8378,78.51,81,75,10.36
476,Yangmei,CN,2021-07-24 16:24:31,24.1023,112.5618,75.34,82,1,3.02
477,Yar-Sale,RU,2021-07-24 16:23:47,66.8333,70.8333,54.37,69,100,8.97
478,Imbituba,BR,2021-07-24 16:22:57,-28.24,-48.6703,73.29,51,0,8.7
479,Tutoia,BR,2021-07-24 16:24:32,-2.7619,-42.2744,91.38,48,19,6.93
480,Touros,BR,2021-07-24 16:22:32,-5.1989,-35.4608,88.7,51,12,20.58
481,Mumford,GH,2021-07-24 16:24:33,5.2618,-0.759,78.4,69,65,15.3
482,Sivas,TR,2021-07-24 16:24:33,39.7916,37.0019,61.43,72,40,19.57
483,Sandusky,US,2021-07-24 16:24:33,41.3501,-83.1332,83.07,75,86,1.01
484,Smidovich,RU,2021-07-24 16:24:34,48.6,133.8167,77.18,57,37,5.77
485,Nichinan,JP,2021-07-24 16:24:34,31.6,131.3667,77.76,91,100,12.93
486,Sulangan,PH,2021-07-24 16:24:34,11.1373,123.7228,83.88,71,24,18.39
487,Shenjiamen,CN,2021-07-24 16:24:35,29.9576,122.298,76.5,94,100,50.33
488,Mwinilunga,ZM,2021-07-24 16:24:35,-11.7358,24.4293,74.34,30,16,8.84
489,Pemberton,CA,2021-07-24 16:24:35,50.3164,-122.8027,71.29,63,17,1.34
490,Devon,GB,2021-07-24 16:24:36,50.75,-3.75,70.99,56,73,1.99
491,Beringovskiy,RU,2021-07-24 16:24:36,63.05,179.3167,50.23,91,100,8.1
492,Andra,RU,2021-07-24 16:24:36,62.5147,65.8878,62.19,66,100,6.22
493,Yuxia,CN,2021-07-24 16:24:37,34.0615,108.6291,81.21,72,7,8.14
494,Leningradskiy,RU,2021-07-24 16:24:37,69.3833,178.4167,36.46,94,99,3.31
495,Chatrapur,IN,2021-07-24 16:24:37,19.35,84.9833,83.25,82,75,9.66
496,Mata,PT,2021-07-24 16:24:38,40.683,-7.4592,77.94,28,46,11.72
497,Khor,RU,2021-07-24 16:24:38,47.8861,134.9464,78.69,68,95,4.76
498,Ranong,TH,2021-07-24 16:24:38,9.9658,98.6348,80.1,87,100,10.71
499,Palmer,US,2021-07-24 16:24:39,42.1584,-72.3287,81.57,47,20,1.01
500,Poddorye,RU,2021-07-24 16:24:39,57.4695,31.1156,66.22,61,99,1.97
501,Nizhniy Tsasuchey,RU,2021-07-24 16:24:39,50.5167,115.1333,58.08,80,13,9.24
502,Ketchikan,US,2021-07-24 16:24:40,55.3422,-131.6461,55.87,94,90,10.36
503,Hvolsvollur,IS,2021-07-24 16:24:40,63.7533,-20.2243,54.81,80,95,14.81
504,Goderich,CA,2021-07-24 16:24:41,43.7501,-81.7165,70.12,88,97,9.22
505,Grants,US,2021-07-24 16:24:41,35.1473,-107.8514,66.43,68,1,9.22
506,George,ZA,2021-07-24 16:24:41,-33.963,22.4617,51.35,66,0,4.61
507,Bilara,IN,2021-07-24 16:24:42,26.1792,73.7056,95.2,43,100,7.34
508,Harper,LR,2021-07-24 16:24:42,4.375,-7.7169,78.78,66,90,8.28
509,Sungairaya,ID,2021-07-24 16:24:42,0.7,108.9,80.22,83,35,7.65
510,Tiarei,PF,2021-07-24 16:23:01,-17.5333,-149.3333,69.82,70,0,9.28
511,Druzhba,UA,2021-07-24 16:24:43,52.0428,33.9453,68.41,63,89,6.46
512,Malanje,AO,2021-07-24 16:24:43,-9.5402,16.341,83.77,14,0,5.7
513,Sibolga,ID,2021-07-24 16:24:44,1.7427,98.7792,78.03,84,99,2.8
514,Muyezerskiy,RU,2021-07-24 16:24:44,63.9333,31.65,58.06,56,100,3.13
515,Guangyuan,CN,2021-07-24 16:24:44,32.442,105.823,74.55,95,3,1.88
516,Douglas,US,2021-07-24 16:21:54,41.3,-96.167,86.86,71,1,3.0
517,Zhanakorgan,KZ,2021-07-24 16:23:57,43.9098,67.2495,93.42,15,0,13.31
518,Markova,UA,2021-07-24 16:24:45,48.6758,24.4138,76.59,78,57,3.96
519,Linjiang,CN,2021-07-24 16:24:45,41.8069,126.9078,71.92,88,36,1.19
520,Ciudad Bolivar,VE,2021-07-24 16:24:45,8.1222,-63.5497,85.62,67,96,4.83
521,Muros,ES,2021-07-24 16:24:46,42.7762,-9.0603,73.69,72,31,6.33
522,Tagusao,PH,2021-07-24 16:24:46,9.1924,117.8141,81.9,79,100,12.84
523,Bauchi,NG,2021-07-24 16:24:46,10.5,10.0,77.9,78,67,2.24
524,Bamiantong,CN,2021-07-24 16:24:47,44.9333,130.5333,71.33,83,30,4.5
525,Tartagal,AR,2021-07-24 16:24:47,-22.5164,-63.8013,83.05,29,35,3.89
526,Furano,JP,2021-07-24 16:24:47,43.2818,142.4743,67.44,98,30,2.35
527,Sedalia,US,2021-07-24 16:22:41,38.7045,-93.2283,88.57,71,1,9.22
528,Nicolas Bravo,MX,2021-07-24 16:24:48,18.45,-88.9167,86.95,52,74,2.64
529,Axim,GH,2021-07-24 16:24:48,4.8699,-2.2405,78.58,67,86,8.55
530,Atambua,ID,2021-07-24 16:23:51,-9.1061,124.8925,67.15,70,14,4.34
531,Mbour,SN,2021-07-24 16:24:49,14.422,-16.9638,86.85,59,42,10.65
532,Kolondieba,ML,2021-07-24 16:24:49,11.0882,-6.8926,84.61,61,98,7.72
533,Nakhon Si Thammarat,TH,2021-07-24 16:24:50,8.25,100.0,85.05,84,100,5.66
534,Pontes E Lacerda,BR,2021-07-24 16:20:28,-15.2261,-59.3353,95.32,21,0,7.72
535,Sao Joao Da Barra,BR,2021-07-24 16:24:50,-21.6403,-41.0511,77.09,60,28,10.94
536,Simplicio Mendes,BR,2021-07-24 16:22:54,-7.8539,-41.9103,90.01,31,9,13.15
537,Acapulco,MX,2021-07-24 16:23:00,16.8634,-99.8901,84.02,79,75,9.22
538,Saiha,IN,2021-07-24 16:24:51,22.4833,92.9667,71.38,99,80,2.24
539,Honiara,SB,2021-07-24 16:24:51,-9.4333,159.95,76.71,86,98,4.9
540,Batagay,RU,2021-07-24 16:23:07,67.6333,134.6333,59.77,69,77,5.01
541,Miranda,CO,2021-07-24 16:24:52,3.2499,-76.2281,75.33,62,100,4.5
542,Petrivka,UA,2021-07-24 16:24:52,46.9695,30.9591,79.25,36,0,3.67
543,Port Arthur,CN,2021-07-24 16:24:52,38.8,121.2667,79.92,54,5,5.03
544,Banda Aceh,ID,2021-07-24 16:24:53,5.5577,95.3222,81.32,78,99,10.22
545,Bacong,PH,2021-07-24 16:24:53,9.2464,123.2956,79.12,83,26,10.13
546,Talnakh,RU,2021-07-24 16:24:53,69.4865,88.3972,56.43,66,73,9.17
